{"text": " What is the weather tomorrow in Ashban Virginia?", "segments": [{"id": 0, "seek": 0, "start": 0.0, "end": 5.0, "text": " What is the weather tomorrow in Ashban Virginia?", "tokens": [50364, 708, 307, 264, 5503, 4153, 294, 10279, 5144, 10956, 30, 50614], "temperature": 0.0, "avg_logprob": -0.57180144236638, "compression_ratio": 0.8888888888888888, "no_speech_prob": 0.016911763697862625}], "language": "en"}